{"cameraMode":{"drawMode":0,"name":"Shaded","section":"Shading Mode"},"sceneLighting":false,"audioPlay":false,"sceneViewState":{"showFog":false,"showMaterialUpdate":false,"showSkybox":false,"showFlares":false,"showImageEffects":false,"showParticleSystems":false},"in2DMode":false,"pivot":{"x":354.47235107421877,"y":2.9410462379455568,"z":114.60781860351563},"rotation":{"x":0.4852338135242462,"y":-0.2275325357913971,"z":0.132274329662323,"w":0.8342138528823853},"size":42.7581901550293,"orthographic":false}