{"cameraMode":{"drawMode":0,"name":"Shaded","section":"Shading Mode"},"sceneLighting":false,"audioPlay":false,"sceneViewState":{"showFog":false,"showMaterialUpdate":false,"showSkybox":false,"showFlares":false,"showImageEffects":false,"showParticleSystems":false},"in2DMode":false,"pivot":{"x":23.6065673828125,"y":47.343963623046878,"z":-89.80303955078125},"rotation":{"x":0.20054766535758973,"y":0.7985989451408386,"z":-0.3771899342536926,"w":0.4243336319923401},"size":42.23710250854492,"orthographic":false}